id,nama_data
,Realisasi Investasi PMA Sektor Konstruksi Menurut Provinsi (Triwulan)
,Realisasi Investasi PMDN Sektor Konstruksi Menurut Provinsi (Triwulan)
,Realisasi Investasi PMA Sektor Konstruksi Menurut Kabupaten Kota (Triwulan)
,Realisasi Investasi PMDN Sektor Konstruksi Menurut Kabupaten Kota (Triwulan)
,"Realisasi Investasi PMA Sektor Tanaman Pangan, Perkebunan, dan Peternakan Menurut Kabupaten Kota (Triwulan)"
,Realisasi Investasi PMA Sektor Kehutanan Menurut Kabupaten Kota (Triwulan)
,"Realisasi Investasi PMA Sektor Tanaman Pangan, Perkebunan, dan Peternakan Menurut Provinsi (Triwulan)"
,"Realisasi Investasi PMDN Sektor Tanaman Pangan, Perkebunan, dan Peternakan Menurut Provinsi (Triwulan)"
,"Realisasi Investasi PMDN Sektor Tanaman Pangan, Perkebunan, dan Peternakan Menurut Kabupaten Kota (Triwulan)"
,Realisasi Investasi PMA Sektor Kehutanan Menurut Provinsi (Triwulan)
,Realisasi Investasi PMDN Sektor Kehutanan Menurut Provinsi (Triwulan)
,Realisasi Investasi PMDN Sektor Kehutanan Menurut Kabupaten Kota (Triwulan)
,Realisasi Investasi PMA Sektor Perikanan Menurut Provinsi (Triwulan)
,Realisasi Investasi PMA Sektor Perikanan Menurut Kabupaten Kota (Triwulan)
,Realisasi Investasi PMDN Sektor Perikanan Menurut Provinsi (Triwulan)
,Realisasi Investasi PMDN Sektor Perikanan Menurut Kabupaten Kota (Triwulan)
,Realisasi Investasi PMA Sektor Pertambangan Menurut Provinsi (Triwulan)
,Realisasi Investasi PMA Sektor Pertambangan Menurut Kabupaten Kota (Triwulan)
,Realisasi Investasi PMDN Sektor Pertambangan Menurut Provinsi (Triwulan)
,Realisasi Investasi PMDN Sektor Pertambangan Menurut Kabupaten Kota (Triwulan)
,Realisasi Investasi PMA Sektor Industri Makanan Menurut Provinsi (Triwulan)
,Realisasi Investasi PMA Sektor Industri Makanan Menurut Kabupaten Kota (Triwulan)
,Realisasi Investasi PMDN Sektor Industri Makanan Menurut Provinsi (Triwulan)
,Realisasi Investasi PMDN Sektor Industri Makanan Menurut Kabupaten Kota (Triwulan)
,Realisasi Investasi PMA Sektor Industri Tekstil Menurut Provinsi (Triwulan)
,Realisasi Investasi PMA Sektor Industri Tekstil Menurut Kabupaten Kota (Triwulan)
,Realisasi Investasi PMDN Sektor Industri Tekstil Menurut Provinsi (Triwulan)
,Realisasi Investasi PMDN Sektor Industri Tekstil Menurut Kabupaten Kota (Triwulan)
,Realisasi Investasi PMA Sektor Industri Barang dari Kulit dan Alas Kaki Menurut Provinsi (Triwulan)
,Realisasi Investasi PMA Sektor Industri Barang dari Kulit dan Alas Kaki Menurut Kabupaten Kota (Triwulan)
,Realisasi Investasi PMDN Sektor Industri Barang dari Kulit dan Alas Kaki Menurut Provinsi (Triwulan)
,Realisasi Investasi PMDN Sektor Industri Barang dari Kulit dan Alas Kaki Menurut Kabupaten Kota (Triwulan)
,Realisasi Investasi PMA Sektor Industri Kayu Menurut Provinsi (Triwulan)
,Realisasi Investasi PMA Sektor Industri Kayu Menurut Kabupaten Kota (Triwulan)
,Realisasi Investasi PMDN Sektor Industri Kayu Menurut Provinsi (Triwulan)
,Realisasi Investasi PMDN Sektor Industri Kayu Menurut Kabupaten Kota (Triwulan)
,Realisasi Investasi PMA Sektor Industri Kertas dan Percetakan Menurut Provinsi (Triwulan)
,Realisasi Investasi PMA Sektor Industri Kertas dan Percetakan Menurut Kabupaten Kota (Triwulan)
,Realisasi Investasi PMDN Sektor Industri Kertas dan Percetakan Menurut Provinsi (Triwulan)
,Realisasi Investasi PMDN Sektor Industri Kertas dan Percetakan Menurut Kabupaten Kota (Triwulan)
,Realisasi Investasi PMA Sektor Industri Kimia Dan Farmasi Menurut Provinsi (Triwulan)
,Realisasi Investasi PMA Sektor Industri Kimia Dan Farmasi Menurut Kabupaten Kota (Triwulan)
,Realisasi Investasi PMDN Sektor Industri Kimia Dan Farmasi Menurut Provinsi (Triwulan)
,Realisasi Investasi PMDN Sektor Industri Kimia Dan Farmasi Menurut Kabupaten Kota (Triwulan)
,Realisasi Investasi PMA Sektor Industri Karet dan Plastik Menurut Provinsi (Triwulan)
,Realisasi Investasi PMA Sektor Industri Karet dan Plastik Menurut Kabupaten Kota (Triwulan)
,Realisasi Investasi PMDN Sektor Industri Karet dan Plastik Menurut Provinsi (Triwulan)
,Realisasi Investasi PMDN Sektor Industri Karet dan Plastik Menurut Kabupaten Kota (Triwulan)
,Realisasi Investasi PMA Sektor Industri Mineral Non Logam Menurut Provinsi (Triwulan)
,Realisasi Investasi PMA Sektor Industri Mineral Non Logam Menurut Kabupaten Kota (Triwulan)
,Realisasi Investasi PMDN Sektor Industri Mineral Non Logam Menurut Provinsi (Triwulan)
,Realisasi Investasi PMDN Sektor Industri Mineral Non Logam Menurut Kabupaten Kota (Triwulan)
,"Realisasi Investasi PMA Sektor Industri Logam Dasar, Barang Logam, Bukan Mesin dan Peralatannya Menurut Provinsi (Triwulan)"
,"Realisasi Investasi PMA Sektor Industri Logam Dasar, Barang Logam, Bukan Mesin dan Peralatannya Menurut Kabupaten Kota (Triwulan)"
,"Realisasi Investasi PMDN Sektor Industri Logam Dasar, Barang Logam, Bukan Mesin dan Peralatannya Menurut Provinsi (Triwulan)"
,"Realisasi Investasi PMDN Sektor Industri Logam Dasar, Barang Logam, Bukan Mesin dan Peralatannya Menurut Kabupaten Kota (Triwulan)"
,"Realisasi Investasi PMA Sektor Industri  Mesin, Elektronik, Instrumen Kedokteran, Peralatan Listrik, Presisi, Optik dan Jam Menurut Provinsi (Triwulan)"
,"Realisasi Investasi PMA Sektor Industri  Mesin, Elektronik, Instrumen Kedokteran, Peralatan Listrik, Presisi, Optik dan Jam Menurut Kabupaten Kota (Triwulan)"
,"Realisasi Investasi PMDN Sektor Industri  Mesin, Elektronik, Instrumen Kedokteran, Peralatan Listrik, Presisi, Optik dan Jam Menurut Provinsi (Triwulan)"
,"Realisasi Investasi PMDN Sektor Industri  Mesin, Elektronik, Instrumen Kedokteran, Peralatan Listrik, Presisi, Optik dan Jam Menurut Kabupaten Kota (Triwulan)"
,Realisasi Investasi PMA Sektor Industri Kendaraan Bermotor dan Alat Transportasi Lain Menurut Provinsi (Triwulan)
,Realisasi Investasi PMA Sektor Industri Kendaraan Bermotor dan Alat Transportasi Lain Menurut Kabupaten Kota (Triwulan)
,Realisasi Investasi PMDN Sektor Industri Kendaraan Bermotor dan Alat Transportasi Lain Menurut Provinsi (Triwulan)
,Realisasi Investasi PMDN Sektor Industri Kendaraan Bermotor dan Alat Transportasi Lain Menurut Kabupaten Kota (Triwulan)
,Realisasi Investasi PMA Sektor Industri Lainnya Menurut Provinsi (Triwulan)
,Realisasi Investasi PMA Sektor Industri Lainnya Menurut Kabupaten Kota (Triwulan)
,Realisasi Investasi PMDN Sektor Industri Lainnya Menurut Provinsi (Triwulan)
,Realisasi Investasi PMDN Sektor Industri Lainnya Menurut Kabupaten Kota (Triwulan)
,Realisasi Investasi PMA Sektor Perdagangan dan Reparasi Menurut Provinsi (Triwulan)
,Realisasi Investasi PMA Sektor Perdagangan dan Reparasi Menurut Kabupaten Kota (Triwulan)
,Realisasi Investasi PMDN Sektor Perdagangan dan Reparasi Menurut Provinsi (Triwulan)
,Realisasi Investasi PMDN Sektor Perdagangan dan Reparasi Menurut Kabupaten Kota (Triwulan)
,"Realisasi Investasi PMA Sektor Listrik, Gas dan Air Menurut Provinsi (Triwulan)"
,"Realisasi Investasi PMA Sektor Listrik, Gas dan Air Menurut Kabupaten Kota (Triwulan)"
,"Realisasi Investasi PMDN Sektor Listrik, Gas dan Air Menurut Provinsi (Triwulan)"
,"Realisasi Investasi PMDN Sektor Listrik, Gas dan Air Menurut Kabupaten Kota (Triwulan)"
,Realisasi Investasi PMA Sektor Jasa Lainnya Menurut Provinsi (Triwulan)
,Realisasi Investasi PMA Sektor Jasa Lainnya Menurut Kabupaten Kota (Triwulan)
,Realisasi Investasi PMDN Sektor Jasa Lainnya Menurut Provinsi (Triwulan)
,Realisasi Investasi PMDN Sektor Jasa Lainnya Menurut Kabupaten Kota (Triwulan)
,"Realisasi Investasi PMA Sektor Transportasi, Gudang dan Telekomunikasi Menurut Provinsi (Triwulan)"
,"Realisasi Investasi PMA Sektor Transportasi, Gudang dan Telekomunikasi Menurut Kabupaten Kota (Triwulan)"
,"Realisasi Investasi PMDN Sektor Transportasi, Gudang dan Telekomunikasi Menurut Provinsi (Triwulan)"
,"Realisasi Investasi PMDN Sektor Transportasi, Gudang dan Telekomunikasi Menurut Kabupaten Kota (Triwulan)"
,Realisasi Investasi PMA Sektor Hotel dan Restoran Menurut Provinsi (Triwulan)
,Realisasi Investasi PMA Sektor Hotel dan Restoran Menurut Kabupaten Kota (Triwulan)
,Realisasi Investasi PMDN Sektor Hotel dan Restoran Menurut Provinsi (Triwulan)
,Realisasi Investasi PMDN Sektor Hotel dan Restoran Menurut Kabupaten Kota (Triwulan)
,"Realisasi Investasi PMA Sektor Perumahan, Kawasan Industri dan Perkantoran Menurut Provinsi (Triwulan)"
,"Realisasi Investasi PMA Sektor Perumahan, Kawasan Industri dan Perkantoran Menurut Kabupaten Kota (Triwulan)"
,"Realisasi Investasi PMDN Sektor Perumahan, Kawasan Industri dan Perkantoran Menurut Provinsi (Triwulan)"
,"Realisasi Investasi PMDN Sektor Perumahan, Kawasan Industri dan Perkantoran Menurut Kabupaten Kota (Triwulan)"
,"Jumlah Penyerapan Tenaga Kerja PMA Sektor Tanaman Pangan, Perkebunan, dan Peternakan Menurut Provinsi (Triwulan)"
,"Jumlah Penyerapan Tenaga Kerja PMA Sektor Tanaman Pangan, Perkebunan, dan Peternakan Menurut Kabupaten Kota (Triwulan)"
,"Jumlah Penyerapan Tenaga Kerja PMDN Sektor Tanaman Pangan, Perkebunan, dan Peternakan Menurut Provinsi (Triwulan)"
,"Jumlah Penyerapan Tenaga Kerja PMDN Sektor Tanaman Pangan, Perkebunan, dan Peternakan Menurut Kabupaten Kota (Triwulan)"
,Jumlah Penyerapan Tenaga Kerja PMA Sektor Kehutanan Menurut Provinsi (Triwulan)
,Jumlah Penyerapan Tenaga Kerja PMA Sektor Kehutanan Menurut Kabupaten Kota (Triwulan)
,Jumlah Penyerapan Tenaga Kerja PMDN Sektor Kehutanan Menurut Provinsi (Triwulan)
,Jumlah Penyerapan Tenaga Kerja PMDN Sektor Kehutanan Menurut Kabupaten Kota (Triwulan)
,Jumlah Penyerapan Tenaga Kerja PMA Sektor Perikanan Menurut Provinsi (Triwulan)
,Jumlah Penyerapan Tenaga Kerja PMA Sektor Perikanan Menurut Kabupaten Kota (Triwulan)
,Jumlah Penyerapan Tenaga Kerja PMDN Sektor Perikanan Menurut Provinsi (Triwulan)
,Jumlah Penyerapan Tenaga Kerja PMDN Sektor Perikanan Menurut Kabupaten Kota (Triwulan)
,Jumlah Penyerapan Tenaga Kerja PMA Sektor Pertambangan Menurut Provinsi (Triwulan)
,Jumlah Penyerapan Tenaga Kerja PMA Sektor Pertambangan Menurut Kabupaten Kota (Triwulan)
,Jumlah Penyerapan Tenaga Kerja PMDN Sektor Pertambangan Menurut Provinsi (Triwulan)
,Jumlah Penyerapan Tenaga Kerja PMDN Sektor Pertambangan Menurut Kabupaten Kota (Triwulan)
,Jumlah Penyerapan Tenaga Kerja PMA Sektor Industri Makanan Menurut Provinsi (Triwulan)
,Jumlah Penyerapan Tenaga Kerja PMA Sektor Industri Makanan Menurut Kabupaten Kota (Triwulan)
,Jumlah Penyerapan Tenaga Kerja PMDN Sektor Industri Makanan Menurut Provinsi (Triwulan)
,Jumlah Penyerapan Tenaga Kerja PMDN Sektor Industri Makanan Menurut Kabupaten Kota (Triwulan)
,Jumlah Penyerapan Tenaga Kerja PMA Sektor Industri Tekstil Menurut Provinsi (Triwulan)
,Jumlah Penyerapan Tenaga Kerja PMA Sektor Industri Tekstil Menurut Kabupaten Kota (Triwulan)
,Jumlah Penyerapan Tenaga Kerja PMDN Sektor Industri Tekstil Menurut Provinsi (Triwulan)
,Jumlah Penyerapan Tenaga Kerja PMDN Sektor Industri Tekstil Menurut Kabupaten Kota (Triwulan)
,Jumlah Penyerapan Tenaga Kerja PMA Sektor Industri Barang dari Kulit dan Alas Kaki Menurut Provinsi (Triwulan)
,Jumlah Penyerapan Tenaga Kerja PMA Sektor Industri Barang dari Kulit dan Alas Kaki Menurut Kabupaten Kota (Triwulan)
,Jumlah Penyerapan Tenaga Kerja PMDN Sektor Industri Barang dari Kulit dan Alas Kaki Menurut Provinsi (Triwulan)
,Jumlah Penyerapan Tenaga Kerja PMDN Sektor Industri Barang dari Kulit dan Alas Kaki Menurut Kabupaten Kota (Triwulan)
,Jumlah Penyerapan Tenaga Kerja PMA Sektor Industri Kayu Menurut Provinsi (Triwulan)
,Jumlah Penyerapan Tenaga Kerja PMA Sektor Industri Kayu Menurut Kabupaten Kota (Triwulan)
,Jumlah Penyerapan Tenaga Kerja PMDN Sektor Industri Kayu Menurut Provinsi (Triwulan)
,Jumlah Penyerapan Tenaga Kerja PMDN Sektor Industri Kayu Menurut Kabupaten Kota (Triwulan)
,Jumlah Penyerapan Tenaga Kerja PMA Sektor Industri Kertas dan Percetakan Menurut Provinsi (Triwulan)
,Jumlah Penyerapan Tenaga Kerja PMA Sektor Industri Kertas dan Percetakan Menurut Kabupaten Kota (Triwulan)
,Jumlah Penyerapan Tenaga Kerja PMDN Sektor Industri Kertas dan Percetakan Menurut Provinsi (Triwulan)
,Jumlah Penyerapan Tenaga Kerja PMDN Sektor Industri Kertas dan Percetakan Menurut Kabupaten Kota (Triwulan)
,Jumlah Penyerapan Tenaga Kerja PMA Sektor Industri Kimia Dan Farmasi Menurut Provinsi (Triwulan)
,Jumlah Penyerapan Tenaga Kerja PMA Sektor Industri Kimia Dan Farmasi Menurut Kabupaten Kota (Triwulan)
,Jumlah Penyerapan Tenaga Kerja PMDN Sektor Industri Kimia Dan Farmasi Menurut Provinsi (Triwulan)
,Jumlah Penyerapan Tenaga Kerja PMDN Sektor Industri Kimia Dan Farmasi Menurut Kabupaten Kota (Triwulan)
,Jumlah Penyerapan Tenaga Kerja PMA Sektor Industri Karet dan Plastik Menurut Provinsi (Triwulan)
,Jumlah Penyerapan Tenaga Kerja PMA Sektor Industri Karet dan Plastik Menurut Kabupaten Kota (Triwulan)
,Jumlah Penyerapan Tenaga Kerja PMDN Sektor Industri Karet dan Plastik Menurut Provinsi (Triwulan)
,Jumlah Penyerapan Tenaga Kerja PMDN Sektor Industri Karet dan Plastik Menurut Kabupaten Kota (Triwulan)
,Jumlah Penyerapan Tenaga Kerja PMA Sektor Industri Mineral Non Logam Menurut Provinsi (Triwulan)
,Jumlah Penyerapan Tenaga Kerja PMA Sektor Industri Mineral Non Logam Menurut Kabupaten Kota (Triwulan)
,Jumlah Penyerapan Tenaga Kerja PMDN Sektor Industri Mineral Non Logam Menurut Provinsi (Triwulan)
,Jumlah Penyerapan Tenaga Kerja PMDN Sektor Industri Mineral Non Logam Menurut Kabupaten Kota (Triwulan)
,"Jumlah Penyerapan Tenaga Kerja PMA Sektor Industri Logam Dasar, Barang Logam, Bukan Mesin dan Peralatannya Menurut Provinsi (Triwulan)"
,"Jumlah Penyerapan Tenaga Kerja PMA Sektor Industri Logam Dasar, Barang Logam, Bukan Mesin dan Peralatannya Menurut Kabupaten Kota (Triwulan)"
,"Jumlah Penyerapan Tenaga Kerja PMDN Sektor Industri Logam Dasar, Barang Logam, Bukan Mesin dan Peralatannya Menurut Provinsi (Triwulan)"
,"Jumlah Penyerapan Tenaga Kerja PMDN Sektor Industri Logam Dasar, Barang Logam, Bukan Mesin dan Peralatannya Menurut Kabupaten Kota (Triwulan)"
,"Jumlah Penyerapan Tenaga Kerja PMA Sektor Industri  Mesin, Elektronik, Instrumen Kedokteran, Peralatan Listrik, Presisi, Optik dan Jam Menurut Provinsi (Triwulan)"
,"Jumlah Penyerapan Tenaga Kerja PMA Sektor Industri  Mesin, Elektronik, Instrumen Kedokteran, Peralatan Listrik, Presisi, Optik dan Jam Menurut Kabupaten Kota (Triwulan)"
,"Jumlah Penyerapan Tenaga Kerja PMDN Sektor Industri  Mesin, Elektronik, Instrumen Kedokteran, Peralatan Listrik, Presisi, Optik dan Jam Menurut Provinsi (Triwulan)"
,"Jumlah Penyerapan Tenaga Kerja PMDN Sektor Industri  Mesin, Elektronik, Instrumen Kedokteran, Peralatan Listrik, Presisi, Optik dan Jam Menurut Kabupaten Kota (Triwulan)"
,Jumlah Penyerapan Tenaga Kerja PMA Sektor Industri Kendaraan Bermotor dan Alat Transportasi Lain Menurut Provinsi (Triwulan)
,Jumlah Penyerapan Tenaga Kerja PMA Sektor Industri Kendaraan Bermotor dan Alat Transportasi Lain Menurut Kabupaten Kota (Triwulan)
,Jumlah Penyerapan Tenaga Kerja PMDN Sektor Industri Kendaraan Bermotor dan Alat Transportasi Lain Menurut Provinsi (Triwulan)
,Jumlah Penyerapan Tenaga Kerja PMDN Sektor Industri Kendaraan Bermotor dan Alat Transportasi Lain Menurut Kabupaten Kota (Triwulan)
,Jumlah Penyerapan Tenaga Kerja PMA Sektor Industri Lainnya Menurut Provinsi (Triwulan)
,Jumlah Penyerapan Tenaga Kerja PMA Sektor Industri Lainnya Menurut Kabupaten Kota (Triwulan)
,Jumlah Penyerapan Tenaga Kerja PMDN Sektor Industri Lainnya Menurut Provinsi (Triwulan)
,Jumlah Penyerapan Tenaga Kerja PMDN Sektor Industri Lainnya Menurut Kabupaten Kota (Triwulan)
,Jumlah Penyerapan Tenaga Kerja PMA Sektor Perdagangan dan Reparasi Menurut Provinsi (Triwulan)
,Jumlah Penyerapan Tenaga Kerja PMA Sektor Perdagangan dan Reparasi Menurut Kabupaten Kota (Triwulan)
,Jumlah Penyerapan Tenaga Kerja PMDN Sektor Perdagangan dan Reparasi Menurut Provinsi (Triwulan)
,Jumlah Penyerapan Tenaga Kerja PMDN Sektor Perdagangan dan Reparasi Menurut Kabupaten Kota (Triwulan)
,"Jumlah Penyerapan Tenaga Kerja PMA Sektor Listrik, Gas dan Air Menurut Provinsi (Triwulan)"
,"Jumlah Penyerapan Tenaga Kerja PMA Sektor Listrik, Gas dan Air Menurut Kabupaten Kota (Triwulan)"
,"Jumlah Penyerapan Tenaga Kerja PMDN Sektor Listrik, Gas dan Air Menurut Provinsi (Triwulan)"
,"Jumlah Penyerapan Tenaga Kerja PMDN Sektor Listrik, Gas dan Air Menurut Kabupaten Kota (Triwulan)"
,Jumlah Penyerapan Tenaga Kerja PMA Sektor Jasa Lainnya Menurut Provinsi (Triwulan)
,Jumlah Penyerapan Tenaga Kerja PMA Sektor Jasa Lainnya Menurut Kabupaten Kota (Triwulan)
,Jumlah Penyerapan Tenaga Kerja PMDN Sektor Jasa Lainnya Menurut Provinsi (Triwulan)
,Jumlah Penyerapan Tenaga Kerja PMDN Sektor Jasa Lainnya Menurut Kabupaten Kota (Triwulan)
,Jumlah Penyerapan Tenaga Kerja PMA Sektor Konstruksi Menurut Provinsi (Triwulan)
,Jumlah Penyerapan Tenaga Kerja PMA Sektor Konstruksi Menurut Kabupaten Kota (Triwulan)
,Jumlah Penyerapan Tenaga Kerja PMDN Sektor Konstruksi Menurut Provinsi (Triwulan)
,Jumlah Penyerapan Tenaga Kerja PMDN Sektor Konstruksi Menurut Kabupaten Kota (Triwulan)
,"Jumlah Penyerapan Tenaga Kerja PMA Sektor Transportasi, Gudang dan Telekomunikasi Menurut Provinsi (Triwulan)"
,"Jumlah Penyerapan Tenaga Kerja PMA Sektor Transportasi, Gudang dan Telekomunikasi Menurut Kabupaten Kota (Triwulan)"
,"Jumlah Penyerapan Tenaga Kerja PMDN Sektor Transportasi, Gudang dan Telekomunikasi Menurut Provinsi (Triwulan)"
,"Jumlah Penyerapan Tenaga Kerja PMDN Sektor Transportasi, Gudang dan Telekomunikasi Menurut Kabupaten Kota (Triwulan)"
,Jumlah Penyerapan Tenaga Kerja PMA Sektor Hotel dan Restoran Menurut Provinsi (Triwulan)
,Jumlah Penyerapan Tenaga Kerja PMA Sektor Hotel dan Restoran Menurut Kabupaten Kota (Triwulan)
,Jumlah Penyerapan Tenaga Kerja PMDN Sektor Hotel dan Restoran Menurut Provinsi (Triwulan)
,Jumlah Penyerapan Tenaga Kerja PMDN Sektor Hotel dan Restoran Menurut Kabupaten Kota (Triwulan)
,"Jumlah Penyerapan Tenaga Kerja PMA Sektor Perumahan, Kawasan Industri dan Perkantoran Menurut Provinsi (Triwulan)"
,"Jumlah Penyerapan Tenaga Kerja PMA Sektor Perumahan, Kawasan Industri dan Perkantoran Menurut Kabupaten Kota (Triwulan)"
,"Jumlah Penyerapan Tenaga Kerja PMDN Sektor Perumahan, Kawasan Industri dan Perkantoran Menurut Provinsi (Triwulan)"
,"Jumlah Penyerapan Tenaga Kerja PMDN Sektor Perumahan, Kawasan Industri dan Perkantoran Menurut Kabupaten Kota (Triwulan)"
